,Player,Draft_Year,Pick_Number,Weighted Griddy AV
1,Eli Manning,2004,1,36
2,Alex Smith,2005,1,18
3,Matthew Stafford,2009,1,320
4,Sam Bradford,2010,1,2
5,Cam Newton,2011,1,128
6,Terrelle Pryor,2011,1,4
7,Andrew Luck,2012,1,32
8,Josh Gordon,2012,1,26
9,Eric Fisher,2013,1,176
10,Jadeveon Clowney,2014,1,154
11,Jameis Winston,2015,1,138
12,Jared Goff,2016,1,384
13,Myles Garrett,2017,1,404
14,Adonis Alexander,2018,1,2
15,Baker Mayfield,2018,1,288
16,Sam Beal,2018,1,4
17,Jalen Thompson,2019,1,124
18,Kyler Murray,2019,1,360
19,Joe Burrow,2020,1,332
20,Trevor Lawrence,2021,1,196
21,Travon Walker,2022,1,60
22,Julius Peppers,2002,2,8
23,Chris Long,2008,2,4
24,Ndamukong Suh,2010,2,164
25,Von Miller,2011,2,194
26,Robert Griffin III,2012,2,14
27,Greg Robinson,2014,2,32
28,Marcus Mariota,2015,2,154
29,Carson Wentz,2016,2,248
30,Mitchell Trubisky,2017,2,140
31,Saquon Barkley,2018,2,220
32,Nick Bosa,2019,2,330
33,Chase Young,2020,2,116
34,Zach Wilson,2021,2,80
35,Aidan Hutchinson,2022,2,80
36,Larry Fitzgerald,2004,3,62
37,Matt Ryan,2008,3,312
38,Gerald McCoy,2010,3,36
39,Marcell Dareus,2011,3,24
40,Dion Jordan,2013,3,22
41,Blake Bortles,2014,3,12
42,Dante Fowler,2015,3,116
43,Joey Bosa,2016,3,202
44,Solomon Thomas,2017,3,24
45,Sam Darnold,2018,3,150
46,Quinnen Williams,2019,3,274
47,Jeff Okudah,2020,3,62
48,Trey Lance,2021,3,34
49,Derek Stingley Jr.,2022,3,30
50,Philip Rivers,2004,4,158
51,Trent Williams,2010,4,324
52,A.J. Green,2011,4,120
53,Lane Johnson,2013,4,302
54,Sammy Watkins,2014,4,118
55,Amari Cooper,2015,4,272
56,Ezekiel Elliott,2016,4,240
57,Leonard Fournette,2017,4,218
58,Denzel Ward,2018,4,184
59,Clelin Ferrell,2019,4,76
60,Andrew Thomas,2020,4,196
61,Kyle Pitts,2021,4,104
62,Sauce Gardner,2022,4,140
63,Eric Berry,2010,5,0
64,Patrick Peterson,2011,5,178
65,Ezekiel Ansah,2013,5,12
66,Khalil Mack,2014,5,296
67,Brandon Scherff,2015,5,212
68,Jalen Ramsey,2016,5,338
69,Corey Davis,2017,5,172
70,Bradley Chubb,2018,5,186
71,Devin White,2019,5,304
72,Tua Tagovailoa,2020,5,206
73,Ja'Marr Chase,2021,5,214
74,Kayvon Thibodeaux,2022,5,70
75,Adam Jones,2005,6,2
76,Vernon Davis,2006,6,10
77,Andre Smith,2009,6,14
78,Russell Okung,2010,6,52
79,Julio Jones,2011,6,160
80,Morris Claiborne,2012,6,16
81,Barkevious Mingo,2013,6,36
82,Jake Matthews,2014,6,246
83,Leonard Williams,2015,6,220
84,Ronnie Stanley,2016,6,158
85,Jamal Adams,2017,6,170
86,Quenton Nelson,2018,6,316
87,Daniel Jones,2019,6,296
88,Justin Herbert,2020,6,362
89,Jaylen Waddle,2021,6,176
90,Ikem Ekwonu,2022,6,70
91,Adrian Peterson,2007,7,76
92,Joe Haden,2010,7,124
93,Aldon Smith,2011,7,48
94,Mark Barron,2012,7,34
95,Jonathan Cooper,2013,7,4
96,Mike Evans,2014,7,254
97,Kevin White,2015,7,2
98,DeForest Buckner,2016,7,326
99,Mike Williams,2017,7,238
100,Josh Allenqb,2018,7,516
101,Josh Allen,2019,7,178
102,Derrick Brown,2020,7,164
103,Penei Sewell,2021,7,186
104,Evan Neal,2022,7,60
105,Ryan Tannehill,2012,8,336
106,Tavon Austin,2013,8,20
107,Vic Beasley,2015,8,36
108,Jack Conklin,2016,8,220
109,Christian McCaffrey,2017,8,300
110,Roquan Smith,2018,8,388
111,T.J. Hockenson,2019,8,168
112,Isaiah Simmons,2020,8,146
113,Jaycee Horn,2021,8,58
114,Drake London,2022,8,90
115,Ted Ginn Jr.,2007,9,22
116,Tyron Smith,2011,9,140
117,Luke Kuechly,2012,9,76
118,Anthony Barr,2014,9,160
119,Ereck Flowers,2015,9,122
120,Leonard Floyd,2016,9,262
121,John Ross,2017,9,32
122,Mike McGlinchey,2018,9,206
123,Ed Oliver,2019,9,222
124,C.J. Henderson,2020,9,92
125,Patrick Surtain II,2021,9,196
126,Charles Cross,2022,9,90
127,Terrell Suggs,2003,10,40
128,Michael Crabtree,2009,10,10
129,Tyson Alualu,2010,10,80
130,Blaine Gabbert,2011,10,10
131,Stephon Gilmore,2012,10,244
132,Chance Warmack,2013,10,2
133,Eric Ebron,2014,10,64
134,Todd Gurley,2015,10,92
135,Eli Apple,2016,10,136
136,Patrick Mahomes,2017,10,548
137,Josh Rosen,2018,10,8
138,Devin Bush Jr.,2019,10,162
139,Jedrick Wills Jr.,2020,10,176
140,DeVonta Smith,2021,10,210
141,Garrett Wilson,2022,10,80
142,Ben Roethlisberger,2004,11,164
143,J.J. Watt,2011,11,176
144,Dontari Poe,2012,11,46
145,D.J. Fluker,2013,11,68
146,Taylor Lewan,2014,11,126
147,Trae Waynes,2015,11,26
148,Vernon Hargreaves III,2016,11,74
149,Marshon Lattimore,2017,11,190
150,Minkah Fitzpatrick,2018,11,314
151,Jonah Williams,2019,11,206
152,Mekhi Becton,2020,11,30
153,Justin Fields,2021,11,208
154,Chris Olave,2022,11,80
155,Haloti Ngata,2006,12,8
156,Marshawn Lynch,2007,12,6
157,Fletcher Cox,2012,12,278
158,D.J. Hayden,2013,12,24
159,Odell Beckham Jr.,2014,12,118
160,Danny Shelton,2015,12,84
161,Sheldon Rankins,2016,12,116
162,Deshaun Watson,2017,12,232
163,Vita Vea,2018,12,222
164,Rashan Gary,2019,12,122
165,Henry Ruggs III,2020,12,56
166,Micah Parsons,2021,12,334
167,Brian Orakpo,2009,13,14
168,Brandon Graham,2010,13,146
169,Michael Floyd,2012,13,2
170,Sheldon Richardson,2013,13,124
171,Aaron Donald,2014,13,448
172,Andrus Peat,2015,13,166
173,Laremy Tunsil,2016,13,208
174,Haason Reddick,2017,13,266
175,Daron Payne,2018,13,278
176,Christian Wilkins,2019,13,210
177,Tristan Wirfs,2020,13,292
178,Rashawn Slater,2021,13,132
179,Jordan Davis,2022,13,30
180,Thomas Davis,2005,14,48
181,Malcolm Jenkins,2009,14,130
182,Earl Thomas,2010,14,36
183,Robert Quinn,2011,14,198
184,Michael Brockers,2012,14,170
185,Star Lotulelei,2013,14,94
186,Kyle Fuller,2014,14,140
187,DeVante Parker,2015,14,154
188,Karl Joseph,2016,14,36
189,Derek Barnett,2017,14,112
190,Marcus Davenport,2018,14,130
191,Chris Lindstrom,2019,14,212
192,Javon Kinlaw,2020,14,88
193,Alijah Vera-Tucker,2021,14,60
194,Kyle Hamilton,2022,14,20
195,Derrick Johnson,2005,15,2
196,Jason Pierre-Paul,2010,15,218
197,Mike Pouncey,2011,15,30
198,Bruce Irvin,2012,15,82
199,Kenny Vaccaro,2013,15,60
200,Melvin Gordon,2015,15,168
201,Corey Coleman,2016,15,2
202,Malik Hooker,2017,15,82
203,Kolton Miller,2018,15,232
204,Dwayne Haskins,2019,15,18
205,Jerry Jeudy,2020,15,138
206,Mac Jones,2021,15,192
207,Kenyon Green,2022,15,50
208,Dominique Rodgers-Cromartie,2008,16,2
209,Derrick Morgan,2010,16,12
210,Ryan Kerrigan,2011,16,70
211,Zack Martin,2014,16,364
212,Kevin Johnson,2015,16,20
213,Taylor Decker,2016,16,218
214,Marlon Humphrey,2017,16,292
215,Tremaine Edmunds,2018,16,276
216,Brian Burns,2019,16,242
217,AJ Terrell,2020,16,150
218,Zaven Collins,2021,16,84
219,Jahan Dotson,2022,16,40
220,Sebastian Janikowski,2000,17,6
221,Mike Iupati,2010,17,64
222,Nate Solder,2011,17,96
223,Dre Kirkpatrick,2012,17,58
224,C.J. Mosley,2014,17,216
225,Arik Armstead,2015,17,202
226,Keanu Neal,2016,17,98
227,Jonathan Allen,2017,17,298
228,Derwin James,2018,17,148
229,Dexter Lawrence,2019,17,246
230,CeeDee Lamb,2020,17,274
231,Alex Leatherwood,2021,17,64
232,Zion Johnson,2022,17,80
233,Leon Hall,2007,18,2
234,Joe Flacco,2008,18,64
235,Maurkice Pouncey,2010,18,90
236,Corey Liuget,2011,18,14
237,Melvin Ingram,2012,18,148
238,Eric Reid,2013,18,28
239,Marcus Peters,2015,18,174
240,Ryan Kelly,2016,18,232
241,Adoree' Jackson,2017,18,102
242,Jaire Alexander,2018,18,198
243,Garrett Bradbury,2019,18,164
244,Austin Jackson,2020,18,102
245,Jaelan Phillips,2021,18,110
246,Treylon Burks,2022,18,40
247,Prince Amukamara,2011,19,40
248,Justin Pugh,2013,19,160
249,Ja'Wuan James,2014,19,16
250,Cameron Erving,2015,19,96
251,Shaq Lawson,2016,19,120
252,O.J. Howard,2017,19,48
253,Leighton Vander Esch,2018,19,206
254,Jeffery Simmons,2019,19,310
255,Damon Arnette,2020,19,12
256,Jamin Davis,2021,19,112
257,Trevor Penning,2022,19,10
258,Aqib Talib,2008,20,14
259,Kareem Jackson,2010,20,180
260,Adrian Clayborn,2011,20,24
261,Kyle Long,2013,20,12
262,Brandin Cooks,2014,20,214
263,Nelson Agholor,2015,20,142
264,Darron Lee,2016,20,22
265,Garett Bolles,2017,20,174
266,Frank Ragnow,2018,20,208
267,Noah Fant,2019,20,134
268,K'Lavon Chaisson,2020,20,54
269,Kadarius Toney,2021,20,44
270,Kenny Pickett,2022,20,70
271,Reggie Nelson,2007,21,6
272,Alex Mack,2009,21,164
273,Jermaine Gresham,2010,21,2
274,Chandler Jones,2012,21,224
275,Tyler Eifert,2013,21,34
276,Ha Ha Clinton-Dix,2014,21,44
277,Cedric Ogbuehi,2015,21,50
278,Will Fuller,2016,21,74
279,Jarrad Davis,2017,21,64
280,Billy Price,2018,21,122
281,Darnell Savage Jr.,2019,21,136
282,Jalen Reagor,2020,21,58
283,Kwity Paye,2021,21,116
284,Trent McDuffie,2022,21,30
285,Demaryius Thomas,2010,22,22
286,Anthony Castonzo,2011,22,86
287,Desmond Trufant,2013,22,34
288,Bud Dupree,2015,22,168
289,Josh Doctson,2016,22,8
290,Charles Harris,2017,22,90
291,Rashaan Evans,2018,22,206
292,Andre Dillard,2019,22,46
293,Justin Jefferson,2020,22,332
294,Caleb Farley,2021,22,10
295,Quay Walker,2022,22,70
296,Bryan Bulaga,2010,23,82
297,Riley Reiff,2012,23,198
298,Dee Ford,2014,23,32
299,Shane Ray,2015,23,2
300,Laquon Treadwell,2016,23,36
301,Evan Engram,2017,23,150
302,Isaiah Wynn,2018,23,142
303,Tytus Howard,2019,23,172
304,Kenneth Murray,2020,23,134
305,Christian Darrisaw,2021,23,110
306,Kaiir Elam,2022,23,30
307,Aaron Rodgers,2005,24,440
308,Johnathan Joseph,2006,24,38
309,Dez Bryant,2010,24,6
310,Cameron Jordan,2011,24,372
311,David DeCastro,2012,24,92
312,Darqueze Dennard,2014,24,26
313,D.J. Humphries,2015,24,220
314,William Jackson III,2016,24,96
315,Gareon Conley,2017,24,26
316,D.J. Moore,2018,24,260
317,Josh Jacobs,2019,24,286
318,Cesar Ruiz,2020,24,138
319,Najee Harris,2021,24,140
320,Tyler Smith,2022,24,80
321,Vontae Davis,2009,25,0
322,James Carpenter,2011,25,82
323,Dont'a Hightower,2012,25,148
324,Xavier Rhodes,2013,25,108
325,Jason Verrett,2014,25,30
326,Shaq Thompson,2015,25,198
327,Artie Burns,2016,25,26
328,Jabrill Peppers,2017,25,102
329,Hayden Hurst,2018,25,108
330,Marquise Brown,2019,25,210
331,Brandon Aiyuk,2020,25,202
332,Travis Etienne,2021,25,110
333,Tyler Linderbaum,2022,25,70
334,Duane Brown,2008,26,242
335,Clay Matthews,2009,26,34
336,Whitney Mercilus,2012,26,76
337,Breshad Perriman,2015,26,66
338,Takkarist McKinley,2017,26,60
339,Calvin Ridley,2018,26,124
340,Montez Sweat,2019,26,206
341,Jordan Love,2020,26,26
342,Greg Newsome II,2021,26,64
343,Jermaine Johnson II,2022,26,10
344,Devin McCourty,2010,27,200
345,Jimmy Smith,2011,27,36
346,Kevin Zeitler,2012,27,180
347,DeAndre Hopkins,2013,27,250
348,Deone Bucannon,2014,27,24
349,Byron Jones,2015,27,118
350,Kenny Clark,2016,27,252
351,Tre'Davious White,2017,27,208
352,Rashaad Penny,2018,27,80
353,Johnathan Abram,2019,27,92
354,Jordyn Brooks,2020,27,152
355,Rashod Bateman,2021,27,62
356,Devin Lloyd,2022,27,80
357,Marcedes Lewis,2006,28,36
358,Joe Staley,2007,28,30
359,Mark Ingram,2011,28,140
360,Nick Perry,2012,28,8
361,Sylvester Williams,2013,28,6
362,Kelvin Benjamin,2014,28,4
363,Laken Tomlinson,2015,28,218
364,Joshua Garnett,2016,28,0
365,Taco Charlton,2017,28,30
366,Terrell Edmunds,2018,28,164
367,Jerry Tillery,2019,28,122
368,Patrick Queen,2020,28,216
369,Harrison Smith,2012,29,200
370,Cordarrelle Patterson,2013,29,176
371,Dominique Easley,2014,29,2
372,Phillip Dorsett,2015,29,46
373,Robert Nkemdiche,2016,29,16
374,David Njoku,2017,29,114
375,Taven Bryan,2018,29,112
376,L.J. Collier,2019,29,58
377,Eric Stokes,2021,29,52
378,Cole Strange,2022,29,70
379,Muhammad Wilkerson,2011,30,2
380,Alec Ogletree,2013,30,92
381,Jimmie Ward,2014,30,128
382,Damarious Randall,2015,30,34
383,Vernon Butler,2016,30,60
384,T.J. Watt,2017,30,386
385,Mike Hughes,2018,30,62
386,Deandre Baker,2019,30,28
387,Noah Igbinoghene,2020,30,30
388,Gregory Rousseau,2021,30,150
389,George Karlaftis III,2022,30,70
390,Greg Olsen,2007,31,34
391,Jerry Hughes,2010,31,264
392,Cameron Heyward,2011,31,418
393,Doug Martin,2012,31,10
394,Travis Frederick,2013,31,44
395,Bradley Roby,2014,31,94
396,Stephone Anthony,2015,31,6
397,Germain Ifedi,2016,31,118
398,Reuben Foster,2017,31,6
399,Sony Michel,2018,31,116
400,Kaleb McGary,2019,31,210
401,Jeff Gladney,2020,31,30
402,Odafe Oweh,2021,31,64
403,Daxton Hill,2022,31,20
404,Drew Brees,2001,32,136
405,Ben Watson,2004,32,12
406,Patrick Robinson,2010,32,16
407,Teddy Bridgewater,2014,32,198
408,Malcom Brown,2015,32,140
409,Emmanuel Ogbah,2016,32,150
410,Ryan Ramczyk,2017,32,296
411,Lamar Jackson,2018,32,432
412,N'Keal Harry,2019,32,48
413,Clyde Edwards-Helaire,2020,32,118
414,Joe Tryon-Shoyinka,2021,32,112
415,Rodger Saffold,2010,33,296
416,Johnathan Cyprien,2013,33,0
417,Xavier Su'a-Filo,2014,33,30
418,Landon Collins,2015,33,100
419,Kevin King,2017,33,68
420,Austin Corbett,2018,33,186
421,Byron Murphy,2019,33,140
422,Tee Higgins,2020,33,222
423,Tyson Campbell,2021,33,110
424,Logan Hall,2022,33,20
425,Patrick Chung,2009,34,34
426,DeMarcus Lawrence,2014,34,262
427,Donovan Smith,2015,34,240
428,Jaylon Smith,2016,34,180
429,Cam Robinson,2017,34,178
430,Will Hernandez,2018,34,166
431,Rock Ya-Sin,2019,34,92
432,Michael Pittman Jr.,2020,34,196
433,Elijah Moore,2021,34,62
434,Christian Watson,2022,34,70
435,Andy Dalton,2011,35,180
436,Zach Ertz,2013,35,158
437,Joel Bitonio,2014,35,370
438,Mario Edwards,2015,35,60
439,Hunter Henry,2016,35,138
440,Malik McDowell,2017,35,48
441,Nick Chubb,2018,35,314
442,Jawaan Taylor,2019,35,198
443,D'Andre Swift,2020,35,172
444,Javonte Williams,2021,35,64
445,Roger McCreary,2022,35,60
446,Jordy Nelson,2008,36,12
447,Derek Wolfe,2012,36,74
448,Darius Slay,2013,36,228
449,Derek Carr,2014,36,366
450,T.J. Yeldon,2015,36,14
451,Myles Jack,2016,36,184
452,Budda Baker,2017,36,276
453,Shaquille Leonard,2018,36,298
454,Deebo Samuel,2019,36,250
455,Xavier McKinney,2020,36,98
456,Jevon Holland,2021,36,108
457,Breece Hall,2022,36,40
458,Eric Weddle,2007,37,46
459,Jabaal Sheard,2011,37,50
460,Mitchell Schwartz,2012,37,116
461,Giovani Bernard,2013,37,52
462,Devin Smith,2015,37,4
463,Chris Jones,2016,37,390
464,Zay Jones,2017,37,142
465,Braden Smith,2018,37,202
466,Greg Little,2019,37,66
467,Kyle Dugger,2020,37,126
468,Landon Dickerson,2021,37,148
469,Jalen Pitre,2022,37,70
470,Andre Branch,2012,38,4
471,Manti Te'o,2013,38,6
472,Austin Seferian-Jenkins,2014,38,2
473,Preston Smith,2015,38,230
474,Xavien Howard,2016,38,306
475,Forrest Lamp,2017,38,46
476,Ronald Jones II,2018,38,110
477,Cody Ford,2019,38,100
478,Yetur Gross-Matos,2020,38,124
479,Christian Barmore,2021,38,44
480,Arnold Ebiketie,2022,38,20
481,Jackrabbit Jenkins,2012,39,98
482,Geno Smith,2013,39,166
483,Eddie Goldman,2015,39,78
484,Noah Spence,2016,39,2
485,Marcus Maye,2017,39,120
486,James Daniels,2018,39,164
487,Sean Murphy-Bunting,2019,39,100
488,Robert Hunt,2020,39,158
489,Teven Jenkins,2021,39,58
490,Kyler Gordon,2022,39,40
491,Bruce Carter,2011,40,2
492,Amini Silatolu,2012,40,2
493,Tank Carradine,2013,40,0
494,Kyle Van Noy,2014,40,246
495,Sterling Shepard,2016,40,90
496,Curtis Samuel,2017,40,138
497,Courtland Sutton,2018,40,152
498,Trayvon Mullen,2019,40,58
499,Ross Blacklock,2020,40,32
500,Richie Grant,2021,40,68
501,Boye Mafe,2022,40,20
502,Jarvis Jenkins,2011,41,2
503,Cordy Glenn,2012,41,22
504,Robert Woods,2013,41,186
505,Lamarcus Joyner,2014,41,102
506,Devin Funchess,2015,41,10
507,Reggie Ragland,2016,41,96
508,Dalvin Cook,2017,41,322
509,Harold Landry,2018,41,172
510,Dalton Risner,2019,41,158
511,Jonathan Taylor,2020,41,252
512,Levi Onwuzurike,2021,41,8
513,Kenneth Walker III,2022,41,80
514,Rob Gronkowski,2010,42,104
515,Brooks Reed,2011,42,16
516,Jordan Matthews,2014,42,4
517,Kamalei Correa,2016,42,34
518,Marcus Williams,2017,42,158
519,Mike Gesicki,2018,42,134
520,Drew Lock,2019,42,72
521,Laviska Shenault Jr.,2020,42,92
522,Liam Eichenberg,2021,42,106
523,Andrew Booth,2022,42,10
524,Kyle Rudolph,2011,43,60
525,Weston Richburg,2014,43,44
526,Benardrick McKinney,2015,43,70
527,Austin Johnson,2016,43,128
528,Sidney Jones,2017,43,70
529,Kerryon Johnson,2018,43,40
530,Jahlani Tavai,2019,43,126
531,Cole Kmet,2020,43,122
532,Tre'von Moehrig,2021,43,80
533,Wan'Dale Robinson,2022,43,20
534,Jeff Allen,2012,44,8
535,Kawann Short,2013,44,26
536,Jihad Ward,2016,44,76
537,Gerald Everett,2017,44,126
538,Dante Pettis,2018,44,56
539,Elgton Jenkins,2019,44,234
540,Grant Delpit,2020,44,84
541,Kelvin Joseph,2021,44,18
542,Zane Beadles,2010,45,6
543,Alshon Jeffery,2012,45,34
544,Kevin Minter,2013,45,44
545,Paul Richardson,2014,45,12
546,Eric Kendricks,2015,45,232
547,Derrick Henry,2016,45,328
548,Adam Shaheen,2017,45,18
549,Josh Jackson,2018,45,34
550,Joejuan Williams,2019,45,4
551,Antoine Winfield Jr.,2020,45,150
552,Walker Little,2021,45,38
553,Connor Barwin,2009,46,4
554,Linval Joseph,2010,46,152
555,Mychal Kendricks,2012,46,28
556,Kiko Alonso,2013,46,22
557,Stephon Tuitt,2014,46,80
558,Jaquiski Tartt,2015,46,80
559,A'Shawn Robinson,2016,46,124
560,Quincy Wilson,2017,46,4
561,Breeland Speaks,2018,46,6
562,Greedy Williams,2019,46,40
563,KJ Hamler,2020,46,36
564,Jackson Carman,2021,46,32
565,Josh Paschal,2022,46,20
566,Mike Nugent,2005,47,8
567,Mike Mitchell,2009,47,4
568,Lance Kendricks,2011,47,2
569,Bobby Wagner,2012,47,408
570,Trent Murphy,2014,47,90
571,Eric Rowe,2015,47,98
572,Michael Thomas,2016,47,124
573,Tyus Bowser,2017,47,124
574,Christian Kirk,2018,47,246
575,Marquise Blair,2019,47,8
576,Marlon Davidson,2020,47,22
577,Asante Samuel Jr.,2021,47,74
578,Stefen Wisniewski,2011,48,16
579,Tavon Wilson,2012,48,20
580,Le'Veon Bell,2013,48,38
581,Timmy Jernigan,2014,48,18
582,Denzel Perryman,2015,48,186
583,Jason Spriggs,2016,48,10
584,Joe Mixon,2017,48,238
585,Uchenna Nwosu,2018,48,164
586,Erik McCoy,2019,48,162
587,Darrell Taylor,2020,48,54
588,Aaron Banks,2021,48,78
589,Jaquan Brisker,2022,48,40
590,DeSean Jackson,2008,49,80
591,Max Unger,2009,49,26
592,Johnathan Hankins,2013,49,152
593,Mitch Morse,2015,49,238
594,Jarran Reed,2016,49,202
595,Ryan Anderson,2017,49,20
596,Dallas Goedert,2018,49,190
597,Ben Banogu,2019,49,28
598,Chase Claypool,2020,49,154
599,Rondale Moore,2021,49,70
600,Alontae Taylor,2022,49,30
601,Calais Campbell,2008,50,246
602,Marcus Gilchrist,2011,50,10
603,Jonathan Bostic,2013,50,138
604,Jeremiah Attaochu,2014,50,36
605,Ronald Darby,2015,50,120
606,Nick Martin,2016,50,110
607,Justin Evans,2017,50,28
608,Connor Williams,2018,50,202
609,Irv Smith Jr.,2019,50,50
610,Jaylon Johnson,2020,50,100
611,Azeez Ojulari,2021,50,86
612,Tyquan Thornton,2022,50,20
613,Andy Levitre,2009,51,2
614,David Amerson,2013,51,4
615,Nate Orchard,2015,51,4
616,DeMarcus Walker,2017,51,84
617,Anthony Miller,2018,51,52
618,A.J. Brown,2019,51,342
619,Trevon Diggs,2020,51,234
620,Samuel Cosmi,2021,51,62
621,Cam Jurgens,2022,51,10
622,Zach Brown,2012,52,24
623,Jamie Collins,2013,52,142
624,Jordan Phillips,2015,52,110
625,Deion Jones,2016,52,164
626,DeShone Kizer,2017,52,2
627,Kemoko Turay,2018,52,6
628,Drew Sample,2019,52,26
629,Cam Akers,2020,52,84
630,Jeremiah Owusu-Koramoah,2021,52,72
631,George Pickens,2022,52,70
632,LeSean McCoy,2009,53,34
633,Margus Hunt,2013,53,42
634,Davante Adams,2014,53,412
635,Jake Fisher,2015,53,2
636,Su'a Cravens,2016,53,2
637,Teez Tabor,2017,53,4
638,M.J. Stewart,2018,53,14
639,Miles Sanders,2019,53,224
640,Jalen Hurts,2020,53,360
641,Dillon Radunz,2021,53,28
642,Alec Pierce,2022,53,40
643,Carlos Dunlap,2010,54,118
644,Jamar Taylor,2013,54,18
645,Ameer Abdullah,2015,54,58
646,Mackensie Alexander,2016,54,54
647,Raekwon McMillan,2017,54,66
648,Jessie Bates III,2018,54,222
649,Lonnie Johnson Jr.,2019,54,58
650,A.J. Epenesa,2020,54,50
651,Dayo Odeyingbo,2021,54,38
652,Skyy Moore,2022,54,20
653,Andrew Whitworth,2006,55,150
654,Sean Lee,2010,55,40
655,Rodney Hudson,2011,55,172
656,Vance McDonald,2013,55,24
657,Maxx Williams,2015,55,26
658,Tyler Boyd,2016,55,234
659,Dalvin Tomlinson,2017,55,204
660,Donte Jackson,2018,55,130
661,Max Scharping,2019,55,104
662,J.K. Dobbins,2020,55,82
663,Pat Freiermuth,2021,55,92
664,Trey McBride,2022,55,20
665,Cody Latimer,2014,56,10
666,Cody Whitehair,2016,56,186
667,Duke Dawson,2018,56,14
668,Mecole Hardman,2019,56,150
669,Raekwon Davis,2020,56,158
670,D'Wayne Eskridge,2021,56,18
671,Sam Williams,2022,56,20
672,Chad Henne,2008,57,6
673,Brock Osweiler,2012,57,6
674,D.J. Swearinger,2013,57,26
675,Carlos Hyde,2014,57,72
676,Rob Havenstein,2015,57,242
677,T.J. Green,2016,57,8
678,Zach Cunningham,2017,57,156
679,P.J. Hall,2018,57,44
680,JJ Arcega-Whiteside,2019,57,10
681,Van Jefferson,2020,57,106
682,Tutu Atwell,2021,57,30
683,Luke Goedeke,2022,57,30
684,Torrey Smith,2011,58,4
685,Lavonte David,2012,58,268
686,Markus Golden,2015,58,160
687,Sean Davis,2016,58,24
688,Ethan Pocic,2017,58,140
689,Isaiah Oliver,2018,58,74
690,Trysten Hill,2019,58,34
691,Ezra Cleveland,2020,58,148
692,Nick Bolton,2021,58,118
693,Troy Andersen,2022,58,30
694,Ryan Kalil,2007,59,24
695,Vinny Curry,2012,59,46
696,Ty Sambrailo,2015,59,44
697,Tanoh Kpassagnon,2017,59,118
698,Derrius Guice,2018,59,8
699,Parris Campbell,2019,59,76
700,Denzel Mims,2020,59,36
701,Terrace Marshall Jr.,2021,59,48
702,Ed Ingram,2022,59,70
703,Golden Tate,2010,60,50
704,Kelechi Osemele,2012,60,24
705,Robert Alford,2013,60,24
706,Kony Ealy,2014,60,0
707,Randy Gregory,2015,60,80
708,Cyrus Jones,2016,60,8
709,Chidobe Awuzie,2017,60,116
710,James Washington,2018,60,58
711,Nasir Adderley,2019,60,112
712,Josh Uche,2020,60,36
713,Pete Werner,2021,60,90
714,Cam Taylor-Britt,2022,60,40
715,Vlad Ducasse,2010,61,6
716,Allen Robinson,2014,61,170
717,Ali Marpet,2015,61,162
718,Vonn Bell,2016,61,190
719,Josh Jones,2017,61,56
720,DJ Chark,2018,61,118
721,Taylor Rapp,2019,61,134
722,Kristian Fulton,2020,61,88
723,Boogie Basham,2021,61,28
724,Drake Jackson,2022,61,20
725,Casey Hayward,2012,62,118
726,Jimmy Garoppolo,2014,62,278
727,James Bradberry,2016,62,256
728,JuJu Smith-Schuster,2017,62,170
729,Brian O'Neill,2018,62,256
730,Andy Isabella,2019,62,20
731,AJ Dillon,2020,62,154
732,Josh Myers,2021,62,114
733,Bryan Cook,2022,62,10
734,Marcus Gilbert,2011,63,4
735,Travis Kelce,2013,63,360
736,Jarvis Landry,2014,63,170
737,Frank Clark,2015,63,248
738,Adam Gotsis,2016,63,100
739,Dion Dawkins,2017,63,308
740,Carlton Davis,2018,63,146
741,Juan Thornhill,2019,63,124
742,Willie Gay Jr.,2020,63,124
743,Creed Humphrey,2021,63,202
744,James Cook,2022,63,50
745,Randall Cobb,2011,64,130
746,Dwayne Allen,2012,64,0
747,Justin Britt,2014,64,56
748,Jordan Richards,2015,64,18
749,Kevin Byard,2016,64,248
750,Taylor Moton,2017,64,214
751,Tyquan Lewis,2018,64,64
752,D.K. Metcalf,2019,64,282
753,Jeremy Chinn,2020,64,228
754,Nik Bonitto,2022,64,20
755,Frank Gore,2005,65,50
756,John Greco,2008,65,8
757,Terrell McClain,2011,65,4
758,Trumaine Johnson,2012,65,18
759,Larry Warford,2013,65,64
760,Carl Nassib,2016,65,72
761,Larry Ogunjobi,2017,65,214
762,Brandon Parker,2018,65,82
763,Zach Allen,2019,65,134
764,Logan Wilson,2020,65,156
765,Andre Cisco,2021,65,76
766,Luke Fortner,2022,65,80
767,Josh Robinson,2012,66,2
768,Morgan Moses,2014,66,208
769,Ahkello Witherspoon,2017,66,48
770,Lorenzo Carter,2018,66,186
771,Diontae Johnson,2019,66,214
772,Antonio Gibson,2020,66,160
773,Brian Asamoah,2022,66,10
774,Bennie Logan,2013,67,2
775,Billy Turner,2014,67,180
776,A.J. Cann,2015,67,126
777,Maliek Collins,2016,67,184
778,Alvin Kamara,2017,67,302
779,Chad Thomas,2018,67,20
780,Julian Okwara,2020,67,26
781,Davis Mills,2021,67,126
782,Joshua Ezeudu,2022,67,10
783,Kelvin Sheppard,2011,68,2
784,Will Redmond,2016,68,14
785,Dawuane Smoot,2017,68,94
786,Justin Reid,2018,68,136
787,Jachai Polite,2019,68,6
788,Ashtyn Davis,2020,68,46
789,Jalen Mayfield,2021,68,56
790,Martin Emerson,2022,68,20
791,Jason Witten,2003,69,16
792,Jared Veldheer,2010,69,10
793,Tyrann Mathieu,2013,69,254
794,Tyler Lockett,2015,69,294
795,Yannick Ngakoue,2016,69,196
796,Cooper Kupp,2017,69,314
797,B.J. Hill,2018,69,142
798,Josh Oliver,2019,69,18
799,Damien Lewis,2020,69,166
800,Joseph Ossai,2021,69,30
801,Nicholas Petit-Frere,2022,69,60
802,Michael Johnson,2009,70,12
803,Ed Dickson,2010,70,2
804,Justin Houston,2011,70,176
805,Bryan Anger,2012,70,78
806,Blidi Wreh-Wilson,2013,70,4
807,Bronson Kaufusi,2016,70,4
808,Pat Elflein,2017,70,100
809,Fred Warner,2018,70,398
810,Darrell Henderson,2019,70,106
811,Brandon Jones,2020,70,72
812,Brady Christensen,2021,70,94
813,Chad Muma,2022,70,20
814,Morgan Burnett,2010,71,14
815,Josh LeRibeus,2012,71,4
816,T.J. McDonald,2013,71,10
817,Christian Kirksey,2014,71,178
818,Hroniss Grasu,2015,71,18
819,Darian Thompson,2016,71,28
820,Dan Feeney,2017,71,128
821,Royce Freeman,2018,71,58
822,Dre'Mont Jones,2019,71,148
823,Justin Madubuike,2020,71,130
824,Aaron Robinson,2021,71,18
825,Velus Jones Jr.,2022,71,20
826,Olivier Vernon,2012,72,68
827,Brian Winters,2013,72,54
828,Jamon Brown,2015,72,30
829,Jonathan Bullard,2016,72,58
830,Taywan Taylor,2017,72,8
831,Nathan Shepherd,2018,72,50
832,Germaine Pratt,2019,72,216
833,Josh Jones,2020,72,110
834,Alim McNeill,2021,72,84
835,Abraham Lucas,2022,72,90
836,Jamaal Charles,2008,73,0
837,John Jerry,2010,73,8
838,Stevan Ridley,2011,73,2
839,Mike Glennon,2013,73,0
840,Preston Brown,2014,73,22
841,Tevin Coleman,2015,73,72
842,Kenyan Drake,2016,73,154
843,Jordan Willis,2017,73,20
844,Jerome Baker,2018,73,214
845,David Montgomery,2019,73,212
846,DaVon Hamilton,2020,73,110
847,Milton Williams,2021,73,16
848,Jelani Woods,2022,73,20
849,Jay Bromley,2014,74,0
850,KeiVarae Russell,2016,74,2
851,Chris Wormley,2017,74,104
852,Geron Christian,2018,74,60
853,Devin Singletary,2019,74,220
854,Zack Baun,2020,74,52
855,Benjamin St-Juste,2021,74,40
856,Desmond Ridder,2022,74,30
857,Russell Wilson,2012,75,376
858,Terron Armstead,2013,75,240
859,Shilique Calhoun,2016,75,14
860,Duke Riley,2017,75,80
861,Derrick Nnadi,2018,75,178
862,Jace Sternberger,2019,75,6
863,Jonah Jackson,2020,75,176
864,Osa Odighizuwa,2021,75,128
865,Christian Harris,2022,75,60
866,Brandon Brooks,2012,76,68
867,Keenan Allen,2013,76,260
868,Travis Swanson,2014,76,8
869,Chris Conley,2015,76,66
870,Alex Anzalone,2017,76,148
871,Mason Rudolph,2018,76,26
872,Terry McLaurin,2019,76,238
873,Paulson Adebo,2021,76,88
874,Travis Jones,2022,76,20
875,Jurrell Casey,2011,77,74
876,Demario Davis,2012,77,424
877,Duke Johnson,2015,77,70
878,Daryl Worley,2016,77,26
879,Daeshon Hall,2017,77,4
880,Sam Hubbard,2018,77,220
881,Chase Winovich,2019,77,48
882,Michael Ojemudia,2020,77,24
883,Josh Palmer,2021,77,84
884,Bernhard Raimann,2022,77,50
885,Brandon LaFell,2010,78,2
886,Marquise Goodwin,2013,78,78
887,Spencer Long,2014,78,14
888,P.J. Williams,2015,78,82
889,Joe Thuney,2016,78,286
890,Tim Williams,2017,78,2
891,Malik Jefferson,2018,78,12
892,Michael Deiter,2019,78,64
893,Matt Hennessy,2020,78,80
894,Alex Wright,2022,78,30
895,Terrence Brooks,2014,79,20
896,Eli Harold,2015,79,2
897,Isaac Seumalo,2016,79,142
898,Rasheem Green,2018,79,118
899,David Long,2019,79,46
900,Malcolm Koonce,2021,79,10
901,Alex Carter,2015,80,0
902,Tarell Basham,2017,80,76
903,Martinas Rankin,2018,80,24
904,Sione Takitaki,2019,80,106
905,Lynn Bowden Jr.,2020,80,12
906,Divine Deablo,2021,80,70
907,Greg Dulcich,2022,80,30
908,Josh McCown,2002,81,4
909,Richie Incognito,2005,81,26
910,Earl Mitchell,2010,81,10
911,Tyrone Crawford,2012,81,30
912,Damontre Moore,2013,81,6
913,Gabe Jackson,2014,81,204
914,John Miller,2015,81,90
915,Austin Hooper,2016,81,124
916,Fabian Moreau,2017,81,112
917,Michael Gallup,2018,81,158
918,Will Harris,2019,81,82
919,Bryan Edwards,2020,81,44
920,Cordale Flott,2022,81,20
921,Emmanuel Sanders,2010,82,136
922,John Jenkins,2013,82,32
923,Le'Raven Clark,2016,82,36
924,Tracy Walker,2018,82,62
925,Nate Davis,2019,82,160
926,Neville Gallimore,2020,82,60
927,Dyami Brown,2021,82,18
928,DeAngelo Malone,2022,82,10
929,Corey Peters,2010,83,122
930,Mohamed Sanu,2012,83,62
931,Logan Ryan,2013,83,146
932,Jordan Jenkins,2016,83,84
933,Derek Rivers,2017,83,22
934,Orlando Brown Jr.,2018,83,370
935,Justin Layne,2019,83,18
936,Lloyd Cushenberry III,2020,83,122
937,Tommy Tremble,2021,83,20
938,Nakobe Dean,2022,83,10
939,Mason Foster,2011,84,18
940,Shawn Williams,2013,84,30
941,Kareem Martin,2014,84,6
942,Jordan Hicks,2015,84,222
943,Kendall Fuller,2016,84,158
944,Chris Godwin,2017,84,250
945,Justin Jones,2018,84,168
946,Khalen Saunders,2019,84,28
947,Terrell Lewis,2020,84,42
948,Chauncey Golston,2021,84,26
949,DeMarvin Leal,2022,84,20
950,Brandon Mebane,2007,85,36
951,Colt McCoy,2010,85,52
952,Jordan Reed,2013,85,20
953,Tyler Kroft,2015,85,28
954,Rashaan Gaulden,2018,85,2
955,Jaylon Ferguson,2019,85,40
956,Julian Blackmon,2020,85,86
957,Amari Rodgers,2021,85,18
958,Marcus Jones,2022,85,100
959,Marshal Yanda,2007,86,86
960,Allen Bailey,2011,86,44
961,David Johnson,2015,86,98
962,Leonte Carroo,2016,86,2
963,Kareem Hunt,2017,86,170
964,Mark Andrews,2018,86,262
965,Zack Moss,2020,86,86
966,Phillip Gaines,2014,87,14
967,Sammie Coates,2015,87,0
968,Nick Vigil,2016,87,106
969,Arden Key,2018,87,64
970,Damien Harris,2019,87,124
971,Anfernee Jennings,2020,87,48
972,Kendrick Green,2021,87,40
973,Andre Roberts,2010,88,14
974,Nick Foles,2012,88,52
975,Will Clarke,2014,88,0
976,Danielle Hunter,2015,88,206
977,Kyler Fackrell,2016,88,62
978,Oren Burks,2018,88,52
979,Cody Barton,2019,88,86
980,Jordan Elliott,2020,88,92
981,Trey Sermon,2021,88,8
982,Jared Cook,2009,89,112
983,Shareece Wright,2011,89,4
984,Akiem Hicks,2012,89,154
985,Sean Mannion,2015,89,8
986,Javon Hargrave,2016,89,242
987,D'Onta Foreman,2017,89,106
988,Joseph Noteboom,2018,89,76
989,Bobby Okereke,2019,89,176
990,Cameron Dantzler,2020,89,78
991,Nico Collins,2021,89,64
992,Terrel Bernard,2022,89,20
993,Matt Schaub,2004,90,8
994,Kayvon Webster,2013,90,2
995,Donte Moncrief,2014,90,8
996,Carl Davis,2015,90,60
997,C.J. Prosise,2016,90,4
998,Shaquill Griffin,2017,90,126
999,Deadrin Senat,2018,90,20
1000,Connor McGovern,2019,90,118
1001,Jonathan Greenard,2020,90,76
1002,Patrick Jones II,2021,90,18
1003,Dylan Parham,2022,90,70
1004,Frostee Rucker,2006,91,10
1005,Duron Harmon,2013,91,142
1006,John Brown,2014,91,72
1007,Chaz Green,2015,91,14
1008,Jacoby Brissett,2016,91,156
1009,John Johnson,2017,91,158
1010,Tre'Quan Smith,2018,91,86
1011,Trey Pipkins,2019,91,126
1012,Anthony Schwartz,2021,91,18
1013,Rachaad White,2022,91,40
1014,Shawn Lauvao,2010,92,4
1015,Joe Barksdale,2011,92,4
1016,T.Y. Hilton,2012,92,116
1017,Trai Turner,2014,92,168
1018,Jeff Heuerman,2015,92,8
1019,Brandon Williams,2016,92,2
1020,Jourdan Lewis,2017,92,104
1021,Chukwuma Okorafor,2018,92,178
1022,Chuma Edoga,2019,92,34
1023,Devin Duvernay,2020,92,100
1024,Monty Rice,2021,92,46
1025,Chris Conte,2011,93,2
1026,Brandon Linder,2014,93,76
1027,Henry Anderson,2015,93,64
1028,Cody Kessler,2016,93,4
1029,Montravius Adams,2017,93,82
1030,Ronnie Harrison,2018,93,102
1031,Miles Boykin,2019,93,30
1032,Darrynton Evans,2020,93,16
1033,Spencer Brown,2021,93,138
1034,Tyrion Davis-Price,2022,93,10
1035,Brandon Williams,2013,94,144
1036,Ty Montgomery,2015,94,24
1037,Nick Vannett,2016,94,10
1038,Cameron Sutton,2017,94,122
1039,Alex Cappa,2018,94,230
1040,Jamel Dean,2019,94,118
1041,Josiah Deguara,2020,94,26
1042,Ben Cleveland,2021,94,26
1043,Jimmy Graham,2010,95,58
1044,Tony Bergstrom,2012,95,20
1045,Michael Schofield,2014,95,148
1046,Graham Glasgow,2016,95,132
1047,Lano Hill,2017,95,12
1048,Tarvarius Moore,2018,95,44
1049,Oshane Ximines,2019,95,50
1050,McTelvin Agim,2020,95,14
1051,Robert Hainsey,2021,95,68
1052,Zachary Carter,2022,95,50
1053,Jerick McKinnon,2014,96,102
1054,Kenny Golladay,2017,96,112
1055,Harrison Phillips,2018,96,134
1056,Dawson Knox,2019,96,128
1057,Lucas Niang,2020,96,58
1058,Nick Cross,2022,96,20
1059,Lamar Miller,2012,97,16
1060,Mason Cole,2018,97,146
1061,Bobby Evans,2019,97,44
1062,Jacob Phillips,2020,97,40
1063,Tre' McKitty,2021,97,10
1064,Kerby Joseph,2022,97,50
1065,Matt Barkley,2013,98,12
1066,Richard Rodgers,2014,98,18
1067,Steven Nelson,2015,98,160
1068,Justin Simmons,2016,98,302
1069,Chad Williams,2017,98,2
1070,Jordan Akins,2018,98,94
1071,Quincy Williams,2019,98,122
1072,Malik Harrison,2020,98,88
1073,Quinn Meinerz,2021,98,72
1074,Brian Robinson Jr.,2022,98,30
1075,Dustin Colquitt,2005,99,26
1076,K.J. Wright,2011,99,110
1077,Ben Jones,2012,99,208
1078,Joe Schobert,2016,99,150
1079,Rasul Douglas,2017,99,114
1080,Isaac Yiadom,2018,99,42
1081,Mike Edwards,2019,99,108
1082,Matt Peart,2020,99,32
1083,David Bell,2022,99,20
1084,Everson Griffen,2010,100,88
1085,Da'Norris Searcy,2011,100,2
1086,Travis Benjamin,2012,100,4
1087,Akeem Spence,2013,100,26
1088,Angelo Blackson,2015,100,114
1089,Jonnu Smith,2017,100,94
1090,Dorian O'Daniel,2018,100,22
1091,Will Grier,2019,100,4
1092,Tanner Muse,2020,100,10
1093,Elijah Molden,2021,100,24
1094,Myjai Sanders,2022,100,20
1095,Clint Boling,2011,101,16
1096,Jaylen Watkins,2014,101,8
1097,Trey Flowers,2015,101,82
1098,Ian Thomas,2018,101,30
1099,Yodny Cajuste,2019,101,36
1100,Ifeatu Melifonwu,2021,101,18
1101,Kirk Cousins,2012,102,398
1102,Bashaud Breeland,2014,102,94
1103,Daryl Williams,2015,102,156
1104,Nazair Jones,2017,102,2
1105,Jalyn Holmes,2018,102,34
1106,Alexander Mattison,2019,102,100
1107,Alex Highsmith,2020,102,160
1108,Ambry Thomas,2021,102,16
1109,Sam Acho,2011,103,4
1110,Alex Okafor,2013,103,44
1111,Devonta Freeman,2014,103,72
1112,Sheldon Day,2016,103,18
1113,Trey Hendrickson,2017,103,272
1114,Keke Coutee,2018,103,30
1115,Davion Taylor,2020,103,22
1116,Ernest Jones,2021,103,82
1117,Leo Chenal,2022,103,40
1118,Luke Stocker,2011,104,8
1119,Tavon Young,2016,104,42
1120,C.J. Beathard,2017,104,18
1121,Nyheim Hines,2018,104,158
1122,Ryan Finley,2019,104,10
1123,Terrell Burgess,2020,104,18
1124,Brandon Stephens,2021,104,60
1125,Nigel Bradham,2012,105,42
1126,Jamison Crowder,2015,105,90
1127,Parker Ehinger,2016,105,4
1128,James Conner,2017,105,198
1129,Antonio Callaway,2018,105,12
1130,C.J. Gardner-Johnson,2019,105,124
1131,Adam Trautman,2020,105,48
1132,Baron Browning,2021,105,100
1133,Bruce Ellington,2014,106,4
1134,Eric Murray,2016,106,80
1135,Josey Jewell,2018,106,158
1136,Maxx Crosby,2019,106,270
1137,Tyre Phillips,2020,106,70
1138,Cade Otton,2022,106,30
1139,Justin Ellis,2014,107,68
1140,Justin Hardy,2015,107,10
1141,Chris Moore,2016,107,60
1142,Chris Herndon,2018,107,20
1143,Anthony Nelson,2019,107,90
1144,Akeem Davis-Gaither,2020,107,40
1145,Michael Carter,2021,107,88
1146,Dameon Pierce,2022,107,60
1147,Cassius Marsh,2014,108,20
1148,Ryan Smith,2016,108,16
1149,Vince Biegel,2017,108,14
1150,Julian Love,2019,108,110
1151,Saahdiq Charles,2020,108,36
1152,Darren Hall,2021,108,38
1153,T.J. Lang,2009,109,6
1154,David Bakhtiari,2013,109,248
1155,Ross Cockrell,2014,109,38
1156,Clayton Geathers,2015,109,24
1157,B.J. Goodson,2016,109,68
1158,Jaleel Johnson,2017,109,76
1159,Troy Apke,2018,109,36
1160,Khari Willis,2019,109,74
1161,John Simpson,2020,109,82
1162,Coby Bryant,2022,109,20
1163,Maurice Alexander,2014,110,6
1164,T.J. Clemmings,2015,110,0
1165,Tyler Higbee,2016,110,154
1166,Dede Westbrook,2017,110,32
1167,Nick Nelson,2018,110,2
1168,Mitch Wishnowsky,2019,110,26
1169,Darnay Holmes,2020,110,44
1170,James Hudson,2021,110,36
1171,Daniel Faalele,2022,110,20
1172,Russell Bodine,2014,111,6
1173,Miles Killebrew,2016,111,38
1174,Tedric Thompson,2017,111,20
1175,Brian Allen,2018,111,116
1176,Kendall Sheffield,2019,111,30
1177,Solomon Kindley,2020,111,38
1178,Cameron Sample,2021,111,28
1179,Max Mitchell,2022,111,20
1180,Glover Quin,2009,112,12
1181,Bobby Massie,2012,112,106
1182,DaQuan Jones,2014,112,236
1183,Eddie Jackson,2017,112,180
1184,Mark Walton,2018,112,10
1185,Joshua Kelley,2020,112,56
1186,Amon-Ra St. Brown,2021,112,194
1187,Daniel Bellinger,2022,112,30
1188,Kyle Wilber,2012,113,6
1189,Nick Kwiatkoski,2016,113,76
1190,Rayshawn Jenkins,2017,113,158
1191,DaeSean Hamilton,2018,113,24
1192,Justice Hill,2019,113,38
1193,Troy Pride Jr.,2020,113,18
1194,Derrick Barnes,2021,113,44
1195,Percy Butler,2022,113,10
1196,B.W. Webb,2013,114,26
1197,Aaron Colvin,2014,114,8
1198,Jamil Douglas,2015,114,18
1199,Samaje Perine,2017,114,96
1200,Da'Shawn Hand,2018,114,20
1201,Dru Samia,2019,114,18
1202,Leki Fotu,2020,114,62
1203,Drew Dalman,2021,114,78
1204,Dane Belton,2022,114,30
1205,Coty Sensabaugh,2012,115,12
1206,Ibraheim Campbell,2015,115,4
1207,De'Vondre Campbell,2016,115,262
1208,Joel Iyiegbuniwe,2018,115,30
1209,Christian Miller,2019,115,4
1210,Harrison Bryant,2020,115,48
1211,Jabril Cox,2021,115,18
1212,Damarri Mathis,2022,115,40
1213,Zak DeOssie,2007,116,8
1214,Orson Charles,2012,116,0
1215,Earl Watford,2013,116,14
1216,Rodney Gunter,2015,116,30
1217,Hassan Ridgeway,2016,116,68
1218,Carl Lawson,2017,116,126
1219,Dorance Armstrong Jr.,2018,116,106
1220,Amani Hooker,2019,116,88
1221,Ben Bartch,2020,116,50
1222,Elerson Smith,2021,116,8
1223,Joe Looney,2012,117,52
1224,Blake Bell,2015,117,18
1225,Pharoh Cooper,2016,117,14
1226,Josh Reynolds,2017,117,126
1227,Jordan Whitehead,2018,117,170
1228,Austin Bryant,2019,117,40
1229,D.J. Wonnum,2020,117,88
1230,Bobby Brown,2021,117,18
1231,Micheal Clemons,2022,117,10
1232,Stephen Gostkowski,2006,118,18
1233,Jarius Wright,2012,118,16
1234,Martavis Bryant,2014,118,4
1235,Ramik Wilson,2015,118,6
1236,Juston Burris,2016,118,74
1237,Mack Hollins,2017,118,96
1238,Anthony Averett,2018,118,86
1239,Hjalte Froholdt,2019,118,30
1240,Albert Okwuegbunam,2020,118,40
1241,Chris Rumph,2021,118,18
1242,Akayleb Evans,2022,118,10
1243,Brandon Marshall,2006,119,2
1244,Anthony Hitchens,2014,119,124
1245,Andrew Donnal,2015,119,0
1246,Tyler Ervin,2016,119,12
1247,Tarik Cohen,2017,119,46
1248,Kyzir White,2018,119,148
1249,Sheldrick Redwine,2019,119,20
1250,Mykal Walker,2020,119,94
1251,Kene Nwangwu,2021,119,26
1252,Jalyn Armour-Davis,2022,119,10
1253,Geno Atkins,2010,120,58
1254,Gerald Hodges,2013,120,8
1255,Logan Thomas,2014,120,72
1256,David Onyemata,2016,120,216
1257,Ben Gedeon,2017,120,18
1258,Will Dissly,2018,120,68
1259,La'Mical Perine,2020,120,12
1260,Rhamondre Stevenson,2021,120,130
1261,Brandon Smith,2022,120,10
1262,Taron Johnson,2018,121,148
1263,Logan Stenberg,2020,121,30
1264,Jack Jones,2022,121,20
1265,J.C. Tretter,2013,122,144
1266,Za'Darius Smith,2015,122,234
1267,Andrew Billings,2016,122,86
1268,Kenny Young,2018,122,104
1269,Benny Snell Jr.,2019,122,40
1270,Domata Peko,2006,123,34
1271,Al Woods,2010,123,136
1272,Jerald Hawkins,2016,123,6
1273,Montae Nicholson,2017,123,26
1274,Durham Smythe,2018,123,46
1275,Ben Powers,2019,123,126
1276,Zech McPhearson,2021,123,18
1277,Kwon Alexander,2015,124,164
1278,Deon Bush,2016,124,38
1279,Jalen Reeves-Maybin,2017,124,72
1280,Armani Watts,2018,124,4
1281,Phil Haynes,2019,124,28
1282,Anthony McFarland Jr.,2020,124,6
1283,John Bates,2021,124,26
1284,Jermon Bushrod,2007,125,8
1285,Walt Aikens,2014,125,6
1286,Javorius Allen,2015,125,4
1287,Antonio Morrison,2016,125,8
1288,Samson Ebukam,2017,125,198
1289,Avonte Maddox,2018,125,84
1290,Renell Wren,2019,125,8
1291,Camryn Bynum,2021,125,76
1292,Bilal Powell,2011,126,10
1293,William Gholston,2013,126,152
1294,Mike Davis,2015,126,92
1295,Demarcus Robinson,2016,126,116
1296,Ito Smith,2018,126,22
1297,Riley Ridley,2019,126,4
1298,Charlie Heck,2020,126,66
1299,Chuba Hubbard,2021,126,80
1300,Neil Farrell,2022,126,10
1301,Pierre Desir,2014,127,60
1302,Damien Wilson,2015,127,158
1303,Deiondre' Hall,2016,127,2
1304,Michael Roberts,2017,127,2
1305,K'Von Wallace,2020,127,12
1306,Kylen Granson,2021,127,28
1307,Rhett Ellison,2012,128,8
1308,Tre Boston,2014,128,66
1309,Jon Feliciano,2015,128,140
1310,Evan Boehm,2016,128,22
1311,Kentavius Street,2018,128,48
1312,Tony Pollard,2019,128,210
1313,Gabriel Davis,2020,128,166
1314,Dan Moore,2021,128,136
1315,John Simon,2013,129,102
1316,Dontae Johnson,2014,129,28
1317,Derrick Kindred,2016,129,4
1318,David Sharpe,2017,129,14
1319,Will Richardson,2018,129,22
1320,Isaiah Johnson,2019,129,6
1321,Jake Ferguson,2022,129,20
1322,Darren Sproles,2005,130,8
1323,Kyle Juszczyk,2013,130,74
1324,James White,2014,130,72
1325,Alex Lewis,2016,130,44
1326,Julie'n Davenport,2017,130,56
1327,Josh Sweat,2018,130,172
1328,Drue Tranquill,2019,130,116
1329,James Lynch,2020,130,42
1330,Robert Rochell,2021,130,26
1331,Jordan Stout,2022,130,20
1332,Shaq Mason,2015,131,188
1333,Blake Martinez,2016,131,130
1334,Deatrich Wise Jr.,2017,131,202
1335,Kalen Ballage,2018,131,26
1336,Wes Martin,2019,131,34
1337,Rashard Lawrence,2020,131,50
1338,Hassan Haskins,2022,131,10
1339,Mike Daniels,2012,132,50
1340,Kevin Pierre-Louis,2014,132,58
1341,Ugo Amadi,2019,132,40
1342,Troy Dye,2020,132,38
1343,Tommy Togiai,2021,132,20
1344,Romeo Doubs,2022,132,40
1345,Levine Toilolo,2013,133,4
1346,Nevin Lawson,2014,133,52
1347,Max Garcia,2015,133,92
1348,Rashard Robinson,2016,133,8
1349,Ryan Switzer,2017,133,4
1350,Jarrett Stidham,2019,133,36
1351,Colby Parkinson,2020,133,30
1352,Jake Camarda,2022,133,40
1353,Kyle Williams,2006,134,24
1354,Brent Urban,2014,134,62
1355,Mark Glowinski,2015,134,206
1356,Kenneth Dixon,2016,134,4
1357,Jamaal Williams,2017,134,190
1358,Chase Edmonds,2018,134,138
1359,Greg Gaines,2019,134,114
1360,Jaylinn Hawkins,2020,134,82
1361,Spencer Burford,2022,134,70
1362,Dak Prescott,2016,135,346
1363,Joshua Dobbs,2017,135,10
1364,John Franklin-Myers,2018,135,150
1365,John Cominsky,2019,135,56
1366,Kevin Dotson,2020,135,106
1367,Rashad Weaver,2021,135,40
1368,Joshua Williams,2022,135,20
1369,Kendrick Lewis,2010,136,4
1370,Anthony Sherman,2011,136,2
1371,Devontae Booker,2016,136,74
1372,Sean Harlow,2017,136,44
1373,Marquis Haynes,2018,136,54
1374,Michael Jordan,2019,136,74
1375,Brycen Hopkins,2020,136,10
1376,Marco Wilson,2021,136,90
1377,Cordell Volson,2022,136,90
1378,Buster Skrine,2011,137,40
1379,Malik Jackson,2012,137,84
1380,Dakota Dozier,2014,137,56
1381,Grady Jarrett,2015,137,240
1382,Dean Lowry,2016,137,194
1383,Zach Banner,2017,137,10
1384,Dalton Schultz,2018,137,148
1385,Foster Moreau,2019,137,74
1386,Josiah Scott,2020,137,28
1387,Tre Brown,2021,137,8
1388,Bailey Zappe,2022,137,20
1389,Marcus Cannon,2011,138,70
1390,Tahir Whitehead,2012,138,66
1391,Seth Devalve,2016,138,6
1392,Ryan Glasgow,2017,138,4
1393,L'Jarius Sneed,2020,138,118
1394,Josh Ball,2021,138,10
1395,Jehu Chesson,2017,139,0
1396,R.J. McIntosh,2018,139,4
1397,Deionte Thompson,2019,139,16
1398,Amik Robertson,2020,139,38
1399,D'Ante Smith,2021,139,8
1400,Isaiah Likely,2022,139,40
1401,Brandon Carr,2008,140,34
1402,Najee Goode,2012,140,12
1403,Cameron Fleming,2014,140,134
1404,Tajae Sharpe,2016,140,34
1405,Wayne Gallman,2017,140,46
1406,Maurice Hurst Jr.,2018,140,32
1407,Ryquell Armstead,2019,140,8
1408,Shaquille Quarterman,2020,140,24
1409,Zach Tom,2022,140,30
1410,Oday Aboushi,2013,141,78
1411,Chad Hansen,2017,141,12
1412,Shaquem Griffin,2018,141,14
1413,Zach Gentry,2019,141,18
1414,John Reid,2020,141,14
1415,Kevin Huber,2009,142,64
1416,Brandon Marshall,2012,142,6
1417,Ryan Grant,2014,142,6
1418,Adrian Amos,2015,142,162
1419,Ronald Blair,2016,142,28
1420,Carlos Watkins,2017,142,122
1421,D.J. Reed,2018,142,128
1422,Ben Burr-Kirven,2019,142,10
1423,Royce Newman,2021,142,104
1424,Cobie Durant,2022,142,20
1425,Orlando Scandrick,2008,143,8
1426,Josh Norman,2012,143,76
1427,MyCole Pruitt,2015,143,40
1428,DeAndre Washington,2016,143,18
1429,Marlon Mack,2017,143,64
1430,Ja'Whaun Bentley,2018,143,222
1431,Ryan Connelly,2019,143,22
1432,Ben Bredeson,2020,143,44
1433,Tyree Gillespie,2021,143,8
1434,Chigoziem Okonkwo,2022,143,40
1435,Sherrick McManis,2010,144,12
1436,Kenny Stills,2013,144,34
1437,Telvin Smith,2014,144,20
1438,Connor McGovern,2016,144,166
1439,Grover Stewart,2017,144,202
1440,Justin Watson,2018,144,34
1441,Marvell Tell III,2019,144,4
1442,DeeJay Dallas,2020,144,48
1443,Sam Howell,2022,144,10
1444,Jacquizz Rodgers,2011,145,6
1445,Bobby McCain,2015,145,154
1446,Jake Butt,2017,145,2
1447,Bilal Nichols,2018,145,200
1448,Matt Gay,2019,145,114
1449,Jack Driscoll,2020,145,82
1450,Stefon Diggs,2015,146,404
1451,Matt Judon,2016,146,342
1452,George Kittle,2017,146,238
1453,Tre Flowers,2018,146,90
1454,Amani Oruwariye,2019,146,88
1455,Tyler Biadasz,2020,146,158
1456,Jamien Sherwood,2021,146,18
1457,Micah McFadden,2022,146,40
1458,Steven Means,2013,147,74
1459,Ricardo Allen,2014,147,54
1460,Quinton Jefferson,2016,147,126
1461,Micah Kiser,2018,147,48
1462,Khalid Kareem,2020,147,14
1463,Brevin Jordan,2021,147,18
1464,A.J. Klein,2013,148,130
1465,Bene Benwikere,2014,148,6
1466,Caleb Benenoch,2016,148,16
1467,Blair Brown,2017,148,2
1468,Marcus Allen,2018,148,42
1469,Dre Greenlaw,2019,148,160
1470,Alton Robinson,2020,148,22
1471,Ta'Quon Graham,2021,148,56
1472,Khalil Shakir,2022,148,20
1473,Dion Lewis,2011,149,36
1474,Kevin Pamphile,2014,149,2
1475,Jay Ajayi,2015,149,2
1476,Damontae Kazee,2017,149,98
1477,Michael Dickson,2018,149,92
1478,Hunter Renfrow,2019,149,146
1479,Danny Pinter,2020,149,42
1480,Evan McPherson,2021,149,62
1481,Aaron Lynch,2014,150,16
1482,Jordan Howard,2016,150,50
1483,Jordan Leggett,2017,150,2
1484,Genard Avery,2018,150,68
1485,Kingsley Keke,2019,150,58
1486,Shane Lemieux,2020,150,18
1487,Kenneth Gainwell,2021,150,80
1488,Thomas Booker,2022,150,10
1489,Senio Kelemete,2012,151,50
1490,Avery Williamson,2014,151,48
1491,Joe Dahl,2016,151,38
1492,Desmond King,2017,151,144
1493,Davontae Harris,2018,151,24
1494,Andrew Van Ginkel,2019,151,146
1495,Larry Borom,2021,151,74
1496,Tyler Allgeier,2022,151,80
1497,Nat Berhe,2014,152,0
1498,Matthew Ioannidis,2016,152,122
1499,Corn Elder,2017,152,8
1500,Dane Cruikshank,2018,152,22
1501,Qadree Ollison,2019,152,8
1502,Kenny Robinson Jr.,2020,152,8
1503,Caden Sterns,2021,152,16
1504,Dennis Kelly,2012,153,122
1505,Kyle Emanuel,2015,153,8
1506,Wendell Smallwood,2016,153,12
1507,Jake Elliott,2017,153,100
1508,Tyrell Crosby,2018,153,52
1509,Colton McKivitz,2020,153,22
1510,Tony Fields,2021,153,48
1511,Riq Woolen,2022,153,100
1512,Richard Sherman,2011,154,86
1513,Korey Toomer,2012,154,2
1514,Chris Thompson,2013,154,28
1515,Tyeler Davison,2015,154,106
1516,Jeremy Sprinkle,2017,154,8
1517,Siran Neal,2018,154,30
1518,Jason Strowbridge,2020,154,6
1519,Michael Carter,2021,154,54
1520,Niles Paul,2011,155,2
1521,Joe Haeg,2016,155,38
1522,Jayon Brown,2017,155,126
1523,Scott Quessenberry,2018,155,94
1524,Mack Wilson,2019,155,100
1525,Trevis Gipson,2020,155,78
1526,Jaylon Moore,2021,155,36
1527,Jonathan Williams,2016,156,8
1528,Brian Hill,2017,156,38
1529,Troy Fumagalli,2018,156,6
1530,Justin Hollins,2019,156,64
1531,Keith Ismael,2020,156,16
1532,Isaiahh Loudermilk,2021,156,36
1533,C.J. Uzomah,2015,157,68
1534,LeShaun Sims,2016,157,36
1535,Will Holden,2017,157,16
1536,Tyler Conklin,2018,157,98
1537,Blake Cashman,2019,157,38
1538,Daniel Thomas,2020,157,6
1539,Ihmir Smith-Marsette,2021,157,8
1540,Zyon McCollum,2022,157,20
1541,Jack Crawford,2012,158,42
1542,Luke Willson,2013,158,6
1543,Caraun Reid,2014,158,6
1544,Brandon Shell,2016,158,162
1545,Nate Hairston,2017,158,26
1546,Andrew Brown,2018,158,8
1547,Michael Jackson,2019,158,60
1548,Bryce Hall,2020,158,52
1549,Daviyon Nixon,2021,158,10
1550,Lee Smith,2011,159,2
1551,Micah Hyde,2013,159,182
1552,Chris Smith,2014,159,14
1553,Jermaine Eluemunor,2017,159,116
1554,Daurice Fountain,2018,159,0
1555,Byron Cowart,2019,159,62
1556,Brenden Jaimes,2021,159,18
1557,Eric Johnson,2022,159,10
1558,Josh Johnson,2008,160,20
1559,Jesse James,2015,160,24
1560,Kentrell Brothers,2016,160,6
1561,Roderick Johnson,2017,160,24
1562,Ogbonnia Okoronkwo,2018,160,68
1563,Nick Harris,2020,160,14
1564,Otito Ogbonnia,2022,160,10
1565,Randy Bullock,2012,161,88
1566,Corey Linsley,2014,161,290
1567,Christian Westerman,2016,161,2
1568,Anthony Walker,2017,161,126
1569,Jermaine Carter Jr.,2018,161,104
1570,Charles Omenihu,2019,161,68
1571,Tyler Johnson,2020,161,36
1572,Tommy Doyle,2021,161,8
1573,Jeremy McNichols,2017,162,36
1574,Khaleke Hudson,2020,162,30
1575,Noah Gray,2021,162,30
1576,Reshad Jones,2010,163,14
1577,Daniel Kilgore,2011,163,40
1578,Jordan Mills,2013,163,30
1579,Trevor Davis,2016,163,4
1580,Matt Milano,2017,163,346
1581,Tim Settle,2018,163,56
1582,Jake Bailey,2019,163,44
1583,Kindle Vildor,2020,163,52
1584,Darrick Forrest,2021,163,50
1585,Kyle Philips,2022,163,10
1586,Thomas Morstead,2009,164,62
1587,Mike Gillislee,2013,164,0
1588,A.J. McCarron,2014,164,4
1589,Lorenzo Doss,2015,164,0
1590,Halapoulivaati Vaitai,2016,164,102
1591,Isaac Asiata,2017,164,0
1592,Natrell Jamerson,2018,164,2
1593,E.J. Speed,2019,164,40
1594,Kyren Williams,2022,164,20
1595,Pernell McPhee,2011,165,62
1596,Sam Martin,2013,165,66
1597,Bradley Pinion,2015,165,52
1598,Tyreek Hill,2016,165,390
1599,Jamal Agnew,2017,165,70
1600,Jaylen Samuels,2018,165,24
1601,Joe Jackson,2019,165,8
1602,Collin Johnson,2020,165,20
1603,Marvin Jones,2012,166,170
1604,Joe Cardona,2015,166,30
1605,D.J. Reader,2016,166,168
1606,Shelton Gibson,2017,166,0
1607,Wyatt Teller,2018,166,218
1608,Quintez Cephus,2020,166,34
1609,Keith Taylor,2021,166,36
1610,George Iloka,2012,167,4
1611,Marqui Christian,2016,167,18
1612,Avery Moss,2017,167,8
1613,Daniel Carlson,2018,167,126
1614,Jake Fromm,2020,167,8
1615,Nate Hobbs,2021,167,54
1616,DaRon Bland,2022,167,40
1617,Corey Graham,2007,168,8
1618,Ricky Wagner,2013,168,70
1619,Michael Burton,2015,168,0
1620,Marquel Lee,2017,168,20
1621,Jamarco Jones,2018,168,40
1622,John Hightower,2020,168,6
1623,Braxton Jones,2022,168,80
1624,Marshall Newhouse,2010,169,20
1625,David Mayo,2015,169,84
1626,Treston Decoud,2017,169,0
1627,Jordan Wilkins,2018,169,32
1628,David Edwards,2019,169,160
1629,Harrison Hand,2020,169,14
1630,Richard LeCounte,2021,169,8
1631,Eric Kush,2013,170,24
1632,Tye Smith,2015,170,10
1633,Cole Toner,2016,170,12
1634,Darius Phillips,2018,170,36
1635,Austin Seibert,2019,170,20
1636,Broderick Washington Jr.,2020,170,66
1637,Garret Wallow,2021,170,36
1638,Teagan Quitoriano,2022,170,10
1639,Greg Zuerlein,2012,171,78
1640,Nick Boyle,2015,171,26
1641,Alex Collins,2016,171,36
1642,Nathan Peterman,2017,171,12
1643,Mike White,2018,171,46
1644,Darius Slayton,2019,171,146
1645,Brandon Fusco,2011,172,8
1646,D.J. Alexander,2015,172,2
1647,Rashard Higgins,2016,172,60
1648,Isaiah McKenzie,2017,172,102
1649,JK Scott,2018,172,44
1650,Jordan Miller,2019,172,4
1651,Deommodore Lenoir,2021,172,58
1652,Samuel Womack,2022,172,20
1653,Alfred Morris,2012,173,12
1654,Wesley Johnson,2014,173,2
1655,James O'Shaughnessy,2015,173,34
1656,Brian Allen,2017,173,0
1657,Johnny Townsend,2018,173,4
1658,Cole Holcomb,2019,173,154
1659,Darnell Mooney,2020,173,168
1660,Tedarrell Slaton,2021,173,28
1661,Charles Clay,2011,174,10
1662,Devon Kennard,2014,174,100
1663,Cameron Artis-Payne,2015,174,2
1664,Eric Saubert,2017,174,10
1665,Marquez Valdes-Scantling,2018,174,164
1666,KeeSean Johnson,2019,174,20
1667,Larrell Murchison,2020,174,30
1668,Earnest Brown IV,2021,174,10
1669,Dominique Robinson,2022,174,30
1670,Delanie Walker,2006,175,8
1671,Jatavis Brown,2016,175,18
1672,Damion Ratley,2018,175,16
1673,Kamal Martin,2020,175,26
1674,Jason Pinnock,2021,175,28
1675,Dwayne Harris,2011,176,2
1676,David Quessenberry,2013,176,126
1677,Andy Janovich,2016,176,2
1678,John Kelly,2018,176,2
1679,Kaden Smith,2019,176,14
1680,K.J. Osborn,2020,176,90
1681,K.J. Britt,2021,176,18
1682,Damone Clark,2022,176,30
1683,Don Carey,2009,177,0
1684,Justin Bethel,2012,177,34
1685,Dustin Hopkins,2013,177,76
1686,Trent Taylor,2017,177,10
1687,Duke Ejiofor,2018,177,2
1688,Michael Danna,2020,177,40
1689,James Mitchell,2022,177,10
1690,Nick Folk,2007,178,90
1691,Aldrick Robinson,2011,178,4
1692,Davon Godchaux,2017,178,212
1693,Gardner Minshew II,2019,178,118
1694,Justin Strnad,2020,178,24
1695,Shemar Jean-Charles,2021,178,8
1696,John Ridgeway,2022,178,30
1697,Sam Young,2010,179,26
1698,Jon Halapio,2014,179,30
1699,Parry Nickerson,2018,179,6
1700,Lamont Gaillard,2019,179,12
1701,Bradlee Anae,2020,179,6
1702,Kingsley Enagbare,2022,179,40
1703,Tyrod Taylor,2011,180,26
1704,Michael Bennett,2015,180,0
1705,Danny Isidora,2017,180,8
1706,Folorunso Fatukasi,2018,180,128
1707,Corey Ballentine,2019,180,10
1708,Hakeem Adeniji,2020,180,70
1709,Talanoa Hufanga,2021,180,146
1710,Latavius Murray,2013,181,138
1711,Alfred Blue,2014,181,10
1712,Kylie Fitts,2018,181,6
1713,Jaquan Johnson,2019,181,38
1714,Netane Muti,2020,181,22
1715,Kyron Johnson,2022,181,10
1716,Kenjon Barner,2013,182,4
1717,Antone Exum,2014,182,6
1718,Aaron Jones,2017,182,336
1719,Michael Onwenu,2020,182,152
1720,Adetokunbo Ogundeji,2021,182,92
1721,Devante Bond,2016,183,4
1722,Ukeme Eligwe,2017,183,2
1723,Justin Skule,2019,183,38
1724,Cam Brown,2020,183,24
1725,Kaelin Clay,2015,184,0
1726,Jerell Adams,2016,184,0
1727,Nathan Gerry,2017,184,74
1728,Marcell Harris,2018,184,96
1729,Travis Fulgham,2019,184,24
1730,Bravvion Roy,2020,184,70
1731,DeAndre Houston-Carson,2016,185,54
1732,Caleb Brantley,2017,185,0
1733,Deon Cain,2018,185,4
1734,Ka'dar Hollman,2019,185,6
1735,Blake Ferguson,2020,185,24
1736,Nick Niemann,2021,185,18
1737,Christian Benford,2022,185,20
1738,Geremy Davis,2015,186,0
1739,Jakeem Grant,2016,186,56
1740,Chuck Clark,2017,186,194
1741,Jacob Martin,2018,186,78
1742,Ty Johnson,2019,186,62
1743,Alohi Gilman,2020,186,44
1744,Hamsah Nasirildeen,2021,186,18
1745,John Sullivan,2008,187,22
1746,Michael Tyson,2017,187,2
1747,Ray-Ray McCloud,2018,187,52
1748,Donovan Peoples-Jones,2020,187,148
1749,Andy Lee,2004,188,76
1750,Danny Trevathan,2012,188,82
1751,E.J. Gaines,2014,188,2
1752,Elijah McGuire,2017,188,6
1753,Simeon Thomas,2018,188,4
1754,David Long,2019,188,122
1755,Tyler Bass,2020,188,72
1756,Malcolm Rodriguez,2022,188,60
1757,T.J. Jones,2014,189,2
1758,Anthony Brown,2016,189,114
1759,Tanzel Smart,2017,189,4
1760,Drew Forbes,2019,189,10
1761,Jake Luton,2020,189,12
1762,Amare Barno,2022,189,10
1763,Colin Jones,2011,190,8
1764,Rex Burkhead,2013,190,82
1765,Sam Tevi,2017,190,86
1766,DeShon Elliott,2018,190,106
1767,Armon Watts,2019,190,94
1768,Trey Hill,2021,190,26
1769,Jason Kelce,2011,191,378
1770,Pat O'Donnell,2014,191,56
1771,Xavier Woods,2017,191,166
1772,Marcus Epps,2019,191,84
1773,Braden Mann,2020,191,56
1774,Tarron Jackson,2021,191,8
1775,Jalen Nailor,2022,191,10
1776,Matthew Bosher,2011,192,4
1777,Darius Philon,2015,192,28
1778,Alex Armah,2017,192,0
1779,Jamil Demby,2018,192,4
1780,Isaiah Buggs,2019,192,84
1781,Jon Runyan Jr.,2020,192,160
1782,Quinton Bohanna,2021,192,56
1783,Mason Crosby,2007,193,94
1784,Tom Compton,2012,193,64
1785,Zach Fulton,2014,193,86
1786,Jordan Evans,2017,193,22
1787,Chris Covington,2018,193,0
1788,Oli Udoh,2019,193,56
1789,Spencer Ware,2013,194,12
1790,Nick O'Leary,2015,194,6
1791,Vincent Taylor,2017,194,18
1792,Russell Gage,2018,194,138
1793,Elijah Mitchell,2021,194,76
1794,Antonio Brown,2010,195,94
1795,Wes Schweitzer,2016,195,96
1796,Tanner Vallejo,2017,195,28
1797,Sebastian Joseph-Day,2018,195,188
1798,Xavier Crawford,2019,195,8
1799,Justin Herron,2020,195,42
1800,Roy Lopez,2021,195,118
1801,Jamaree Salyer,2022,195,70
1802,Blake Countess,2016,196,2
1803,Al-Quadin Muhammad,2017,196,120
1804,Tremon Smith,2018,196,46
1805,Blessuan Austin,2019,196,34
1806,Shaun Bradley,2020,196,24
1807,Gary Brightwell,2021,196,10
1808,Nate Ebner,2012,197,12
1809,Danny Vitale,2016,197,4
1810,Jeremy Clark,2017,197,0
1811,Shaun Dion Hamilton,2018,197,32
1812,Trace McSorley,2019,197,10
1813,John Penisini,2020,197,38
1814,Zach Moore,2014,198,4
1815,D.J. Jones,2017,198,214
1816,Kahlil McKenzie,2018,198,6
1817,Antoine Brooks Jr.,2020,198,8
1818,Larry Rountree,2021,198,8
1819,Grant Calcaterra,2022,198,10
1820,Tom Brady,2000,199,394
1821,Theo Riddick,2013,199,8
1822,Cody Core,2016,199,2
1823,Chase Roullier,2017,199,104
1824,Luke Falk,2018,199,4
1825,Jordan Fuller,2020,199,70
1826,Cade Mays,2022,199,10
1827,Laurent Duvernay-Tardif,2014,200,64
1828,Quandre Diggs,2015,200,234
1829,Foyesade Oluokun,2018,200,196
1830,Emeke Egbule,2019,200,10
1831,Quez Watkins,2020,200,96
1832,Brandin Echols,2021,200,42
1833,Ryan Griffin,2013,201,36
1834,Brandon Allen,2016,201,20
1835,Boston Scott,2018,201,74
1836,Rashad Fenton,2019,201,50
1837,James Proche,2020,201,26
1838,Keaontay Ingram,2022,201,10
1839,A.J. Derby,2015,202,0
1840,Anthony Zettel,2016,202,2
1841,Jack Cichy,2018,202,0
1842,Isaiah Prince,2019,202,28
1843,Chris Evans,2021,202,16
1844,Sam Koch,2006,203,42
1845,Jason McCourty,2009,203,68
1846,Ryan Jensen,2013,203,182
1847,Darius Kilgo,2015,203,2
1848,Blake Brandel,2020,203,28
1849,Virgil Green,2011,204,8
1850,Darren Waller,2015,204,180
1851,Jordan Lucas,2016,204,8
1852,Trenton Cannon,2018,204,4
1853,Travis Homer,2019,204,62
1854,Cassh Maluia,2020,204,6
1855,Shi Smith,2021,204,30
1856,Theo Jackson,2022,204,10
1857,Pierre Garcon,2008,205,4
1858,Ted Larsen,2010,205,14
1859,Stacy McGee,2013,205,8
1860,Luke Bowanko,2014,205,4
1861,Duke Shelley,2019,205,38
1862,Josh Metellus,2020,205,34
1863,Vince Williams,2013,206,80
1864,Matt Pryor,2018,206,100
1865,Kelvin Harmon,2019,206,12
1866,Landon Young,2021,206,20
1867,Matt Henningsen,2022,206,10
1868,Antoine Bethea,2006,207,34
1869,Matt Paradis,2014,207,98
1870,Jeff Driskel,2016,207,32
1871,Brandon Wilson,2017,207,22
1872,Equanimeous St. Brown,2018,207,50
1873,Ulysees Gilbert,2019,207,12
1874,Isaiah Hodgins,2020,207,30
1875,Kamu Grugier-Hill,2016,208,122
1876,Rudy Ford,2017,208,58
1877,Cedrick Wilson Jr.,2018,208,40
1878,Scott Miller,2019,208,56
1879,Jake Hanson,2020,208,10
1880,Stone Forsythe,2021,208,28
1881,Connor Heyward,2022,208,10
1882,Brice Butler,2013,209,0
1883,Quincy Enunwa,2014,209,8
1884,Maurice Canady,2016,209,8
1885,Robert Davis,2017,209,0
1886,Cornell Armstrong,2018,209,18
1887,Braxton Berrios,2018,210,72
1888,Victor Dimukeje,2021,210,18
1889,Conor McDermott,2017,211,48
1890,Jordan Thomas,2018,211,4
1891,Isaiah Rodgers,2020,211,68
1892,Demetric Felton,2021,211,16
1893,Marquis Flowers,2014,212,0
1894,Anthony Chickillo,2015,212,14
1895,Kavon Frazier,2016,212,8
1896,Greg Senat,2018,212,6
1897,Dennis Daley,2019,212,104
1898,Damar Hamlin,2021,212,58
1899,Derion Kendrick,2022,212,20
1900,Derek Anderson,2005,213,2
1901,Colby Gossett,2018,213,30
1902,Donovan Wilson,2019,213,88
1903,Jordan Glasgow,2020,213,14
1904,Rachad Wildgoose,2021,213,20
1905,Garrett Gilbert,2014,214,14
1906,Elandon Roberts,2016,214,212
1907,Peter Kalambayi,2018,214,12
1908,Darwin Thompson,2019,214,10
1909,Freddie Swain,2020,214,36
1910,Ja'Sir Taylor,2022,214,20
1911,Tommy Bohanon,2013,215,0
1912,Daniel McCullers,2014,215,8
1913,Joey Hunt,2016,215,20
1914,Bradley Bozeman,2018,215,172
1915,Markus Bailey,2020,215,50
1916,Lecitus Smith,2022,215,10
1917,Captain Munnerlyn,2009,216,6
1918,Andre Hal,2014,216,4
1919,Christian Covington,2015,216,78
1920,Nick Allegretti,2019,216,72
1921,Kamren Curl,2020,216,114
1922,Quincy Roche,2021,216,16
1923,Rakeem Nunez-Roches,2015,217,116
1924,Rico Gathers,2016,217,0
1925,Corey Levin,2017,217,32
1926,Keishawn Bierria,2018,217,2
1927,Kris Boyd,2019,217,42
1928,Jauan Jennings,2020,217,56
1929,Khalil Herbert,2021,217,74
1930,James Houston,2022,217,20
1931,J'Marcus Webb,2010,218,18
1932,Jordan Poyer,2013,218,262
1933,Kevon Seymour,2016,218,18
1934,Carter Coughlin,2020,218,30
1935,Sam Ehlinger,2021,218,20
1936,Ko Kieft,2022,218,10
1937,T.J. Carrie,2014,219,50
1938,Hayes Pullard,2015,219,2
1939,Will Parks,2016,219,40
1940,Stacy Coley,2017,219,0
1941,Geno Stone,2020,219,56
1942,Shamar Stephen,2014,220,84
1943,Ifeadi Odenigbo,2017,220,66
1944,K.J. Hill,2020,220,6
1945,Isaiah McDuffie,2021,220,28
1946,Ted Karras,2016,221,214
1947,Shalom Luani,2017,221,2
1948,Matthew Adams,2018,221,54
1949,Austin Reiter,2015,222,94
1950,Kerrith Whyte Jr,2019,222,4
1951,Eno Benjamin,2020,222,38
1952,Montaric Brown,2022,222,10
1953,Nick Williams,2013,223,122
1954,Jullian Taylor,2018,223,4
1955,Chris Claybrooks,2020,223,38
1956,Donnie Jones,2004,224,2
1957,Beau Allen,2014,224,12
1958,Bryce Hager,2015,224,18
1959,Zane Gonzalez,2017,224,60
1960,Javon Wims,2018,224,4
1961,J.R. Sweezy,2012,225,78
1962,Jake Rodgers,2015,225,4
1963,Isaac Rochell,2017,225,52
1964,Devante Downs,2018,225,32
1965,Darryl Johnson,2019,225,24
1966,Camaron Cheeseman,2021,225,18
1967,Mark Robinson,2022,225,10
1968,A.Q. Shipley,2009,226,38
1969,Bobby Hart,2015,226,88
1970,Jonathan Woodard,2016,226,2
1971,David Moore,2017,226,50
1972,Ty Summers,2019,226,16
1973,Arlington Hambright,2020,226,6
1974,Trey Smith,2021,226,160
1975,Stephen Weatherly,2016,227,42
1976,Jimmy Moreland,2019,227,26
1977,Israel Mukuamu,2021,227,20
1978,Riley Dixon,2016,228,70
1979,Marcell Ateman,2018,228,6
1980,Tommy Sweeney,2019,228,4
1981,Sterling Hofrichter,2020,228,6
1982,Tariq Carpenter,2022,228,10
1983,Adrian Colbert,2017,229,26
1984,Jason Sanders,2018,229,98
1985,James Smith-Williams,2020,229,100
1986,Matt Cassel,2005,230,0
1987,Nathan Stupar,2012,230,6
1988,Marcus Murphy,2015,230,2
1989,Josh Harvey-Clemons,2017,230,8
1990,Leon Jacobs,2018,230,26
1991,Jimmy Morrissey,2021,230,8
1992,Travin Howard,2018,231,20
1993,Ben DiNucci,2020,231,6
1994,Baylon Spector,2022,231,10
1995,Julian Edelman,2009,232,76
1996,Edmond Robinson,2015,232,6
1997,Elijah Lee,2017,232,36
1998,Carlos Davis,2020,232,6
1999,Lawrence Guy,2011,233,270
2000,Jalen Mills,2016,233,130
2001,Harrison Butker,2017,233,88
2002,Jordan Mailata,2018,233,170
2003,Chandler Cox,2019,233,0
2004,Casey Toohill,2020,233,44
2005,Andre Smith,2018,234,26
2006,Myles Gaskin,2019,234,86
2007,Clay Johnston,2020,234,18
2008,Patrick Johnson,2021,234,26
2009,Shelby Harris,2014,235,202
2010,Lac Edwards,2016,235,26
2011,Zaire Franklin,2018,235,140
2012,Mark Nzeocha,2015,236,12
2013,Dwayne Washington,2016,236,6
2014,Bo Scarbrough,2018,236,8
2015,Vernon Scott,2020,236,6
2016,Jack Anderson,2021,236,18
2017,Deane Leonard,2022,236,10
2018,Seantrel Henderson,2014,237,6
2019,Brian Mihalik,2015,237,2
2020,Isaiah Ford,2017,237,28
2021,Nick Bawden,2018,237,0
2022,Thakarius Keyes,2020,237,6
2023,Zach Sieler,2018,238,138
2024,Matt Farniok,2021,238,18
2025,Thayer Munford,2022,238,30
2026,Michael Person,2011,239,46
2027,Trevor Bates,2016,239,2
2028,Noah Brown,2017,239,82
2029,Hunter Bradley,2018,239,12
2030,Dane Jackson,2020,239,90
2031,Jonathon Cooper,2021,239,82
2032,Rodney Thomas II,2022,239,40
2033,Corey Robinson,2015,240,2
2034,Richie James,2018,240,90
2035,Christian Holmes,2022,240,20
2036,Greg Stroman,2018,241,4
2037,Chapelle Russell,2020,241,14
2038,Malcolm Smith,2011,242,60
2039,Corey Nelson,2014,242,4
2040,Cortez Broughton,2019,242,6
2041,Jonathan Garvin,2020,242,24
2042,Clark Harris,2007,243,20
2043,Kemal Ishmael,2013,243,6
2044,Kyle Fuller,2017,243,48
2045,Keion Crossen,2018,243,36
2046,Nick Scott,2019,243,68
2047,Chris Jackson,2020,243,14
2048,Jaylen Watson,2022,243,30
2049,Ricky Jean-Francois,2009,244,10
2050,Kurt Coleman,2010,244,10
2051,Trent Brown,2015,244,170
2052,Jayron Kearse,2016,244,112
2053,Treyvon Hester,2017,244,6
2054,Justin Lawler,2018,244,2
2055,Kaden Elliss,2019,244,82
2056,Christian Matthew,2022,244,20
2057,Clayton Fejedelem,2016,245,30
2058,Will Clapp,2018,245,54
2059,Tre Norwood,2021,245,26
2060,Charles Leno Jr.,2014,246,224
2061,Geoff Swaim,2015,246,26
2062,Tyler Matakevich,2016,246,40
2063,Malcolm Perry,2020,246,6
2064,Darryl Roberts,2015,247,44
2065,Malachi Dupre,2017,247,0
2066,Logan Cooke,2018,247,88
2067,Olabisi Johnson,2019,247,24
2068,Skylar Thompson,2022,247,20
2069,Kelvin Beachum,2012,248,218
2070,Austin Blythe,2016,248,170
2071,Joshua Miles,2019,248,12
2072,Will Fries,2021,248,30
2073,Clinton McDonald,2009,249,8
2074,Akeem King,2015,249,10
2075,Chris Carson,2017,249,122
2076,Michael Dogbe,2019,249,36
2077,Ben Skowronek,2021,249,48
2078,Ryan Fitzpatrick,2005,250,96
2079,Trevor Siemian,2015,250,42
2080,Pat O'Connor,2017,250,28
2081,Ryan Izzo,2018,250,16
2082,Austin Cutting,2019,250,4
2083,Tremayne Anchrum,2020,250,6
2084,Khyiris Tonga,2021,250,16
2085,Joe Walker,2016,251,18
2086,Justin Jackson,2018,251,80
2087,Dakota Allen,2019,251,14
2088,Isiah Pacheco,2022,251,70
2089,Marcus Cooper,2013,252,0
2090,Matthew Dayes,2017,252,0
2091,Ken Webster,2019,252,8
2092,Jeff Gunter,2022,252,10
2093,Auden Tate,2018,253,22
2094,Jordan Brailford,2019,253,6
2095,Terrance Mitchell,2014,254,96
2096,Korey Cunningham,2018,254,18
2097,Pressley Harvin III,2021,254,28
2098,Elijah Hicks,2022,254,10
2099,Denzelle Good,2015,255,64
2100,Tae Crowder,2020,255,136
2101,Trenton Gill,2022,255,20
2102,Ryan Succop,2009,256,60
2103,Trey Quinn,2018,256,6
2104,Jermar Jefferson,2021,257,8
2105,Dax Milne,2021,258,8
2106,Nazeeh Johnson,2022,259,10
2107,AJ Arcuri,2022,261,10
2108,Brock Purdy,2022,262,60
